<config xmlns:xsi='http://www.w3.org/2001/XMLSchema-instance'
        xmlns='http://www.ehcache.org/v3'
        xsi:schemaLocation="http://www.ehcache.org/v3 http://www.ehcache.org/schema/ehcache-core-3.0.xsd">

    <cache alias="ideas">
        <expiry>
            <ttl unit="minutes">10</ttl>
        </expiry>
        <resources>
            <heap unit="entries">100</heap>
        </resources>
    </cache>

    <cache alias="idea">
        <expiry>
            <ttl unit="minutes">10</ttl>
        </expiry>
        <resources>
            <heap unit="entries">50</heap>
        </resources>
    </cache>

    <cache alias="users">
        <expiry>
            <ttl unit="minutes">30</ttl>
        </expiry>
        <resources>
            <heap unit="entries">100</heap>
        </resources>
    </cache>

    <cache alias="preferences">
        <expiry>
            <ttl unit="minutes">15</ttl>
        </expiry>
        <resources>
            <heap unit="entries">200</heap>
        </resources>
    </cache>

    <cache alias="allocations">
        <expiry>
            <ttl unit="minutes">20</ttl>
        </expiry>
        <resources>
            <heap unit="entries">200</heap>
        </resources>
    </cache>
</config>